Tetramer,Buckle,Shift,Propeller,Slide,Opening,Rise,Shear,Roll,Stretch,Twist,Stagger,Tilt,Buckle_2,Shift_2,Propeller_2,Slide_2,Opening_2,Rise_2
AAAA,0.177279,0.092065,-2.869710,-0.181366,0.876010,3.367697,-0.117717,-0.660542,-0.272411,34.160272,0.114981,2.510609,0.192433,-0.129761,-10.141665,-0.262076,0.717743,3.382948
AAAC,0.172132,0.033484,-7.447664,-0.381823,0.677881,3.337787,-0.180939,-0.571506,-0.189450,35.611174,0.241440,3.236415,0.305900,-0.114237,-10.045099,-0.264994,0.609144,3.359504
AAAG,0.104264,0.000336,-8.111218,-0.271585,0.995929,3.350570,0.012859,0.363414,-0.090522,36.135757,0.251081,2.820122,0.121355,-0.198291,-11.034004,-0.380861,0.275384,3.338011
AAAT,0.272687,0.065886,-6.390463,-0.148980,1.324253,3.374354,-0.135176,-0.710376,-0.124304,35.908634,0.192260,0.982012,-0.048752,-0.229555,-10.264783,-0.328959,0.362299,3.370815
AACA,0.598341,0.057484,-6.635385,-0.244443,1.161314,3.338881,-0.310589,-1.415590,-0.190027,36.153412,0.210148,1.079824,0.032943,-0.091683,-7.403996,-0.298907,0.581259,3.360732
AACC,0.432609,-0.041413,-9.598552,-0.368286,1.031249,3.320656,-0.311938,-0.846097,-0.103041,37.066380,0.252523,1.804516,0.180829,-0.054957,-7.885146,-0.324676,0.286659,3.357373
AACG,0.205086,-0.193443,-9.417531,-0.233136,1.123945,3.360769,-0.308830,0.410952,0.090928,37.230485,0.226240,1.156020,-0.012981,-0.128199,-9.678660,-0.530824,0.130298,3.346126
AACT,0.374657,-0.097674,-7.837549,-0.119742,1.266105,3.357700,-0.261744,0.065676,0.063378,36.816406,0.113030,-0.029432,-0.066029,-0.130447,-9.559791,-0.496973,0.155045,3.373520
AAGA,0.461071,-0.041485,-6.382072,-0.108318,1.203800,3.337179,-0.496960,-0.226820,0.042789,36.508314,0.035093,0.342058,0.092961,-0.073080,-8.815518,-0.404893,0.396497,3.392228
AAGC,0.232067,-0.191111,-8.193085,-0.283208,0.713091,3.313785,-0.432470,0.866549,0.144844,36.938843,0.129655,0.535734,0.152937,-0.019038,-9.771586,-0.526641,0.417333,3.385282
AAGG,0.004303,-0.178533,-8.577423,-0.179376,0.832457,3.329013,-0.272684,2.921904,0.230708,37.034999,0.114340,0.910408,0.084379,-0.154071,-13.077176,-0.618966,0.285941,3.391495
AAGT,0.158373,-0.048755,-4.197999,-0.140836,0.893031,3.319890,-0.211597,2.352321,0.197551,36.087783,0.028391,0.250598,0.105055,-0.161851,-13.100573,-0.554955,0.782225,3.396197
AATA,0.252729,0.059178,-3.545960,-0.196960,0.595133,3.333548,-0.272049,1.880582,0.112381,35.598831,0.017320,1.034714,0.132676,-0.164987,-12.072625,-0.419179,1.110938,3.414286
AATC,0.152900,-0.060222,-7.363775,-0.345680,0.057542,3.321569,-0.201217,2.665743,0.107936,36.189091,0.143174,1.809847,0.214909,-0.181486,-12.619806,-0.412443,0.917651,3.383188
AATG,0.038503,-0.058234,-7.322069,-0.422894,0.250296,3.338835,-0.029484,3.788577,0.201748,36.477742,0.127949,1.795884,-0.025762,-0.270503,-15.072077,-0.515506,0.875003,3.387833
AATT,0.336172,0.100551,-5.160532,-0.342832,0.413216,3.322810,0.094160,3.031106,0.067073,36.223396,0.079330,1.041833,-0.176816,-0.341325,-14.448462,-0.369384,1.140462,3.375198
ACAA,0.561986,0.068553,-7.708818,-0.513453,0.232966,3.343727,-0.017702,1.833990,-0.034887,35.566560,0.147696,1.487423,-0.178464,-0.316765,-11.720435,-0.133665,1.300393,3.398232
ACAC,0.475295,0.120560,-11.496443,-0.704797,-0.070187,3.351995,0.024907,2.539925,0.075235,36.725271,0.189804,1.719868,-0.135588,-0.271073,-10.733396,-0.259982,1.103867,3.381584
ACAG,0.362924,-0.065293,-12.444758,-0.698121,0.414475,3.367713,0.163071,2.798785,0.138074,36.817158,0.216105,0.426262,-0.304026,-0.359549,-11.318810,-0.285968,0.887044,3.379485
ACAT,0.591648,-0.007856,-11.055945,-0.500228,0.496485,3.371895,0.024547,2.587344,0.064397,37.016677,0.123419,-0.656851,-0.534228,-0.365318,-11.185139,-0.172303,1.069790,3.396669
ACCA,0.769959,0.023637,-12.111368,-0.574752,0.658335,3.352204,-0.044077,1.837290,0.046919,36.617286,0.109612,-0.638206,-0.435115,-0.242421,-7.916365,-0.153458,1.108388,3.407287
ACCC,0.560719,-0.172771,-14.476103,-0.619893,0.579075,3.343275,-0.070857,2.194779,0.117694,37.508798,0.151160,-0.337532,-0.257974,-0.181317,-7.486868,-0.194019,0.842400,3.373325
ACCG,0.406997,-0.330523,-14.934142,-0.601713,0.854861,3.363661,-0.028593,2.559264,0.284617,37.978919,0.124614,-0.900643,-0.403937,-0.216895,-8.099452,-0.316107,0.672903,3.382940
ACCT,0.451384,-0.208071,-13.380402,-0.395574,0.930927,3.363011,0.017246,3.267284,0.248894,37.142922,-0.043509,-2.625756,-0.468399,-0.219051,-8.864715,-0.217827,0.858292,3.380870
ACGA,0.307285,-0.199222,-12.145316,-0.401354,0.883238,3.344622,-0.097384,2.681345,0.177201,36.193634,-0.091129,-2.533792,-0.260591,-0.116052,-7.265580,-0.214755,1.098523,3.426259
ACGC,0.067463,-0.366317,-13.182502,-0.462062,0.492902,3.331155,-0.139897,3.753676,0.324196,36.951049,-0.013626,-1.547621,-0.148988,-0.086158,-7.369918,-0.236697,1.021937,3.414211
ACGG,-0.116216,-0.408736,-12.836621,-0.382535,0.593914,3.362619,0.020033,4.661368,0.397569,36.640453,-0.086266,-1.521567,-0.213046,-0.134239,-10.567985,-0.371169,1.075710,3.405937
ACGT,-0.054282,-0.269693,-10.086013,-0.337370,0.722501,3.339344,0.122757,5.329951,0.262534,35.743165,-0.159540,-2.499818,-0.343549,-0.215016,-10.141287,-0.277745,1.135107,3.425784
ACTA,0.083756,-0.246176,-10.200220,-0.437957,0.450011,3.340106,0.184280,4.035838,0.158904,35.055270,-0.166364,-1.795114,-0.077721,-0.098931,-9.329343,-0.176520,1.424420,3.424797
ACTC,-0.094751,-0.282301,-11.857219,-0.628745,0.284847,3.334402,0.164678,5.327190,0.215407,35.543736,-0.088930,-0.561440,-0.006587,-0.091591,-8.067051,-0.191449,1.410820,3.396515
ACTG,-0.145778,-0.305169,-13.002196,-0.529804,0.528139,3.370439,0.315156,6.171063,0.243595,35.482443,-0.071487,-0.274732,-0.152296,-0.194929,-10.573451,-0.203009,1.321500,3.402860
ACTT,-0.108238,-0.207783,-10.402874,-0.491652,0.519596,3.387206,0.397543,5.834560,0.047825,34.638503,-0.128942,-1.277377,-0.347185,-0.281764,-9.922762,-0.117281,1.535275,3.412825
AGAA,0.141120,-0.181295,-11.633489,-0.603656,0.517687,3.380276,0.254174,3.498275,-0.042342,34.694512,-0.089271,-0.989092,-0.201720,-0.161174,-7.439296,0.070124,1.801234,3.406017
AGAC,0.154776,-0.262029,-14.215748,-0.735622,0.560019,3.378070,0.286818,3.131815,0.029096,34.926913,-0.008531,0.023125,-0.145867,-0.147597,-6.126305,0.063995,1.274167,3.380141
AGAG,-0.035995,-0.351699,-15.459773,-0.751482,0.861147,3.375944,0.426798,4.409035,0.055057,35.536662,0.002411,-0.748856,-0.337151,-0.208409,-6.886588,-0.004528,1.131284,3.368859
AGAT,0.138770,-0.232599,-14.793124,-0.570048,1.244962,3.419862,0.273969,3.417582,-0.051892,34.934730,-0.109672,-2.397915,-0.541156,-0.154277,-5.956115,0.085468,1.130561,3.403424
AGCA,0.221226,-0.267467,-14.779728,-0.497216,1.039884,3.392716,0.196981,1.685958,-0.112587,35.010840,-0.095833,-1.877920,-0.379425,-0.090877,-2.345256,0.163803,1.229668,3.383139
AGCC,-0.049231,-0.408022,-16.708949,-0.574829,1.181629,3.380891,0.189141,2.519296,0.009331,35.694998,-0.070696,-1.476517,-0.207287,-0.009315,-2.561906,-0.000354,0.972179,3.374478
AGCG,-0.204149,-0.520823,-17.663572,-0.446655,1.289590,3.392751,0.214922,3.331177,0.090565,35.954472,-0.074035,-2.731518,-0.310883,-0.078311,-4.103416,-0.134040,0.587717,3.353052
AGCT,-0.156463,-0.452140,-14.540184,-0.271515,1.683165,3.389953,0.163144,2.393680,0.121140,35.085380,-0.204744,-3.485859,-0.289876,-0.079566,-3.910410,-0.055927,0.905325,3.387003
AGGA,-0.184210,-0.464703,-13.774821,-0.207889,1.582787,3.379606,0.060964,1.902263,-0.017839,34.630569,-0.183537,-2.596597,-0.039808,0.084379,-1.901249,-0.055851,0.915750,3.388353
AGGC,-0.435210,-0.530205,-15.277815,-0.243785,1.399424,3.369082,-0.026714,2.656513,0.093911,34.755108,-0.143772,-1.407570,0.097646,0.131320,-3.415587,-0.157788,0.721174,3.368889
AGGG,-0.665896,-0.523373,-12.809979,-0.239561,1.433444,3.372258,0.135234,4.054427,0.144518,34.950642,-0.195826,-1.649034,0.082149,0.060485,-5.932571,-0.236790,0.568292,3.389093
AGGT,-0.621737,-0.447685,-9.227942,-0.058280,1.578488,3.353406,0.157936,3.845675,0.037487,33.998221,-0.261395,-2.200815,0.027477,0.018848,-6.359077,-0.240341,0.895619,3.387409
AGTA,-0.454465,-0.366829,-8.565292,-0.135500,1.176251,3.365824,0.108492,2.600599,-0.119000,33.283924,-0.256279,-0.890235,0.276503,0.034782,-4.851904,-0.085506,1.111114,3.395572
AGTC,-0.599733,-0.405079,-10.447876,-0.264721,0.932493,3.368325,0.178595,3.101916,-0.121831,33.720341,-0.174248,0.012255,0.402810,0.081610,-6.402968,-0.155068,1.065915,3.379719
AGTG,-0.720240,-0.404226,-10.247535,-0.251685,1.241980,3.386019,0.333024,4.041590,-0.021089,33.842013,-0.169343,0.608321,0.338993,-0.010945,-7.271797,-0.176540,0.756331,3.360559
AGTT,-0.515232,-0.260210,-7.865471,-0.162005,1.353819,3.389092,0.368153,2.874623,-0.215003,33.654829,-0.140776,-0.114209,0.097053,-0.049075,-7.388934,-0.134260,1.058148,3.375774
ATAA,-0.210313,-0.159511,-8.693713,-0.268792,1.190050,3.387010,0.231837,1.193345,-0.330806,33.267913,-0.105754,0.549375,0.148321,-0.032128,-5.225981,0.019152,1.197087,3.383772
ATAC,-0.261672,-0.260374,-10.635052,-0.385518,0.981427,3.392216,0.194412,1.013615,-0.273599,34.214946,-0.029450,1.303335,0.265528,-0.008470,-4.555749,-0.014823,0.820677,3.342363
ATAG,-0.366566,-0.250953,-11.069136,-0.340343,1.424601,3.393350,0.230729,1.459336,-0.176894,34.605927,0.045626,1.110200,0.070191,-0.075726,-6.635440,-0.100502,0.606029,3.335489
ATAT,-0.201957,-0.203916,-9.318840,-0.169468,1.779461,3.418382,0.175655,-0.120050,-0.266891,34.218872,-0.015993,-0.753445,-0.046297,-0.078456,-5.396512,-0.140300,0.560662,3.344683
ATCA,0.067031,-0.176516,-10.326932,-0.176991,1.570529,3.369209,0.014135,-0.921298,-0.303581,34.214959,-0.037159,-0.181858,0.123350,0.012199,-2.657244,-0.068685,0.654686,3.363174
ATCC,-0.156109,-0.291355,-12.223453,-0.223279,1.485239,3.367109,-0.153877,-1.010911,-0.191136,35.604772,0.069687,0.837953,0.193652,0.088622,-2.282058,-0.208822,0.278966,3.341208
ATCG,-0.278924,-0.397377,-11.901988,-0.134539,1.903842,3.377780,-0.055732,0.327026,-0.091993,35.328322,-0.002668,-0.069765,0.150148,0.084078,-5.050831,-0.381050,0.203514,3.348531
ATCT,-0.270950,-0.256794,-7.912866,0.069989,1.983257,3.359807,-0.127914,-0.479445,-0.130994,35.099795,-0.077629,-0.433284,-0.007511,0.030649,-5.215849,-0.355976,0.180980,3.372015
ATGA,-0.077119,-0.277982,-7.726091,0.111780,1.687671,3.352967,-0.298132,-0.495044,-0.201734,34.749403,-0.085894,-0.108546,0.324918,0.108741,-4.373401,-0.298246,0.330881,3.357140
ATGC,-0.346605,-0.371958,-9.829083,-0.017506,1.328545,3.362877,-0.342730,0.147141,-0.131904,35.235620,-0.000013,0.756804,0.472547,0.164691,-5.170718,-0.369423,0.215331,3.377014
ATGG,-0.614371,-0.366987,-7.436353,0.053783,1.445297,3.369652,-0.204947,1.058900,-0.000577,35.018871,-0.017514,1.170828,0.392545,0.063224,-8.794265,-0.551680,0.060511,3.363670
ATGT,-0.425985,-0.204672,-3.328697,0.207409,1.521281,3.358600,-0.029400,1.352733,-0.121066,34.231081,-0.096621,0.476449,0.317994,0.032581,-9.361380,-0.441421,0.372069,3.375398
ATTA,-0.230368,-0.139957,-3.104575,0.099356,1.298166,3.359257,-0.198401,0.215627,-0.110888,34.303387,-0.061362,1.600255,0.542706,0.045142,-8.666058,-0.389402,0.660475,3.396733
ATTC,-0.324205,-0.138723,-4.759873,-0.087818,0.817003,3.339407,-0.219142,1.499302,-0.090183,34.572397,0.033464,2.651443,0.562726,0.035187,-9.823259,-0.402424,0.580523,3.374736
ATTG,-0.456851,-0.168122,-5.034254,-0.090923,1.118775,3.347073,-0.018226,1.994359,-0.061702,35.153441,0.112977,2.570793,0.462472,-0.105865,-12.193046,-0.504684,0.377609,3.352202
ATTT,-0.186420,0.080689,-4.051718,-0.072094,1.039834,3.362452,0.025066,0.844236,-0.228010,34.597244,0.039065,2.233971,0.217170,-0.175474,-11.918957,-0.445313,0.647744,3.372866
CAAA,0.169979,0.115725,-4.611396,-0.138881,0.868011,3.348924,-0.155598,-0.249818,-0.243647,34.617027,0.113612,2.583181,0.288321,-0.100277,-9.008999,-0.228993,0.776947,3.365562
CAAC,0.107713,0.011914,-7.425261,-0.289580,0.797006,3.355831,-0.130266,-0.259530,-0.274390,35.674861,0.221263,3.127087,0.323293,-0.100879,-7.974010,-0.317151,0.591699,3.362160
CAAG,0.099517,-0.040266,-7.758806,-0.283251,0.970969,3.348603,-0.076856,0.744185,-0.167754,35.910105,0.238075,2.367375,0.178981,-0.192692,-10.780975,-0.365720,0.370961,3.349915
CAAT,0.375821,0.061225,-6.154341,-0.225189,1.185450,3.378668,-0.126089,-0.282135,-0.204049,35.796872,0.183918,1.475326,-0.067067,-0.200903,-10.298311,-0.363454,0.457642,3.361761
CACA,0.470634,0.076667,-6.695173,-0.214520,1.098626,3.348831,-0.317248,-1.390349,-0.233159,36.170742,0.186251,1.759161,0.018583,-0.131952,-7.465449,-0.259110,0.525224,3.379195
CACC,0.423009,-0.091342,-9.894601,-0.352082,0.992900,3.352989,-0.385630,-1.338516,-0.053712,36.743911,0.274013,1.566647,0.097130,-0.070214,-7.560842,-0.372098,0.370522,3.345084
CACG,0.293166,-0.168227,-9.310089,-0.239170,1.032908,3.336529,-0.373828,0.509603,0.089569,37.740682,0.237014,1.127000,-0.035810,-0.127669,-10.097851,-0.520296,-0.003495,3.366782
CACT,0.330725,-0.072364,-7.443777,-0.063887,1.309286,3.345894,-0.313079,0.844718,0.119500,36.689792,0.088023,-0.889159,-0.130439,-0.118067,-9.363480,-0.503866,0.382978,3.378657
CAGA,0.402302,-0.058294,-7.206705,-0.134360,1.035760,3.330637,-0.453797,-0.051308,0.069851,36.508866,0.083174,-0.170539,0.134995,-0.092931,-8.507221,-0.417168,0.518729,3.393852
CAGC,0.254972,-0.122103,-8.051778,-0.178118,0.700942,3.327674,-0.422950,0.863393,0.198692,36.837812,0.131737,1.256317,0.271564,-0.043667,-9.539579,-0.552842,0.269434,3.362397
CAGG,0.015555,-0.145237,-8.237363,-0.174688,0.854030,3.315008,-0.300619,2.574916,0.269138,37.133071,0.088141,1.190115,0.088197,-0.128163,-12.767530,-0.651913,0.354919,3.379046
CAGT,0.175832,-0.046628,-6.332499,-0.053783,0.789473,3.346218,-0.194287,2.309075,0.168452,36.014105,-0.010608,0.173222,0.028753,-0.204743,-13.369634,-0.525857,0.591343,3.399417
CATA,0.272291,0.046424,-5.222137,-0.171090,0.453291,3.321031,-0.269825,2.052187,0.061901,35.680152,0.026926,1.010960,0.097070,-0.149908,-11.698378,-0.446098,0.986032,3.425187
CATC,0.086954,-0.072834,-6.932407,-0.351114,0.169611,3.308401,-0.268996,2.406520,0.095406,36.028198,0.111081,2.054350,0.255810,-0.156752,-13.195255,-0.424840,0.784964,3.385449
CATG,0.057108,-0.020334,-8.889984,-0.379320,0.347969,3.343585,-0.076869,3.844767,0.158679,36.669096,0.111142,1.929530,0.055003,-0.284299,-14.934723,-0.511240,0.924055,3.382308
CATT,0.283938,0.089638,-6.037813,-0.410284,0.431147,3.343337,0.078556,3.139514,0.059927,35.484225,0.079097,0.537135,-0.157981,-0.388982,-14.029563,-0.360380,1.083496,3.399816
CCAA,0.598766,0.156820,-7.134243,-0.492996,0.379340,3.347237,-0.084690,1.773305,-0.001158,35.820180,0.116610,1.258401,-0.157605,-0.321952,-12.028111,-0.162919,1.436597,3.404534
CCAC,0.499600,0.075570,-11.214741,-0.742114,0.051134,3.360286,0.013401,2.408990,0.003326,36.668302,0.216969,1.560727,-0.079969,-0.339826,-10.107719,-0.199121,1.055926,3.380989
CCAG,0.320477,-0.112759,-12.537538,-0.666582,0.526004,3.363236,0.193287,2.543161,0.097841,37.196984,0.191799,0.681738,-0.300858,-0.346571,-11.995127,-0.260907,0.907291,3.382362
CCAT,0.544749,0.021867,-11.003643,-0.509945,0.660274,3.358737,0.054997,2.299639,0.086836,36.494541,0.113017,-0.660975,-0.507517,-0.361576,-10.741064,-0.208377,0.944921,3.374693
CCCA,0.813741,-0.035171,-12.095697,-0.545493,0.622323,3.347957,-0.123073,0.828574,0.013018,36.890709,0.137056,-0.837599,-0.380393,-0.227963,-7.630119,-0.095603,1.122871,3.411160
CCCC,0.608488,-0.153810,-14.149817,-0.629748,0.566051,3.352518,-0.123234,2.359788,0.186913,37.673900,0.144739,-0.643438,-0.364615,-0.192756,-6.748941,-0.222018,0.882102,3.381815
CCCG,0.310281,-0.316540,-14.880979,-0.577472,0.972254,3.360523,0.019687,3.693946,0.289315,37.755352,0.103424,-1.426157,-0.446063,-0.260355,-9.017465,-0.341450,0.729527,3.386735
CCCT,0.400996,-0.241741,-13.547791,-0.379042,1.099800,3.350853,-0.069682,3.288630,0.238836,37.007919,0.022333,-2.799255,-0.526462,-0.207368,-9.081296,-0.252989,1.074315,3.427596
CCGA,0.465121,-0.218801,-12.856331,-0.400529,0.775165,3.335577,-0.106294,3.106492,0.178485,36.460534,-0.059362,-1.906053,-0.295191,-0.149219,-7.413417,-0.242173,1.219743,3.402480
CCGC,0.185334,-0.334413,-13.766972,-0.466096,0.666744,3.340905,-0.078695,3.767734,0.315432,36.968621,-0.034846,-1.207144,-0.059611,-0.084371,-7.564070,-0.216941,1.039354,3.388925
CCGG,-0.063665,-0.398044,-12.487160,-0.389184,0.675764,3.369273,0.101628,5.311646,0.367043,36.521692,-0.102864,-1.775377,-0.194881,-0.168510,-10.344916,-0.327332,0.909369,3.391511
CCGT,-0.020348,-0.308057,-10.388317,-0.328278,0.738371,3.324719,0.115545,4.973929,0.261659,35.730311,-0.162388,-1.898565,-0.215122,-0.184040,-9.396713,-0.314706,1.229732,3.430485
CCTA,0.068332,-0.235518,-10.054953,-0.290000,0.554469,3.347572,0.109223,4.093502,0.144380,35.106058,-0.196078,-1.209602,-0.107731,-0.119104,-8.144049,-0.208603,1.499959,3.414418
CCTC,-0.118560,-0.268917,-11.418659,-0.576311,0.279324,3.338094,0.189517,4.976690,0.200323,35.114522,-0.077220,-0.223781,-0.013976,-0.143943,-10.132797,-0.220594,1.356585,3.395123
CCTG,-0.198882,-0.311312,-12.530466,-0.580433,0.539152,3.367912,0.315685,5.688438,0.215787,34.899241,-0.083396,-0.694726,-0.111043,-0.253211,-10.915635,-0.180295,1.367146,3.395380
CCTT,-0.165180,-0.238049,-10.932932,-0.470537,0.644421,3.381578,0.491268,4.937994,0.018776,34.643028,-0.161879,-1.261810,-0.281340,-0.280220,-9.598608,-0.079468,1.535502,3.400670
CGAA,0.153067,-0.114222,-12.296489,-0.560916,0.592150,3.368363,0.281915,3.833110,-0.057764,34.426804,-0.066626,-0.754067,-0.169232,-0.215097,-5.975751,0.115211,1.708263,3.408077
CGAC,0.054287,-0.242773,-15.037709,-0.717110,0.539265,3.360356,0.317557,3.551426,0.009535,35.479333,0.000573,0.167147,-0.131461,-0.151733,-6.861783,0.073938,1.385927,3.388243
CGAG,-0.139598,-0.299234,-14.603422,-0.693605,0.867695,3.375999,0.402026,3.626664,0.086769,35.634794,0.023609,-0.952490,-0.376431,-0.222521,-7.085244,0.029316,1.169676,3.376518
CGAT,0.122258,-0.272740,-14.959054,-0.473435,1.202501,3.380308,0.391829,3.090900,-0.005591,35.026290,-0.067617,-2.286458,-0.579036,-0.192423,-5.169970,0.065282,1.344360,3.384530
CGCA,0.214363,-0.246945,-14.838128,-0.522956,1.104448,3.399772,0.228969,1.572391,-0.083612,34.767654,-0.106273,-1.506432,-0.339792,-0.042721,-3.088026,0.092178,1.277246,3.372374
CGCC,0.076295,-0.463316,-18.022224,-0.539836,1.178030,3.379879,0.100259,2.023191,-0.015556,35.763334,-0.031863,-1.183456,-0.252544,-0.038425,-2.390241,0.026504,1.002994,3.356427
CGCG,-0.218802,-0.507762,-17.034717,-0.408601,1.426083,3.387134,0.156599,2.795683,0.098207,35.867314,-0.081501,-2.134485,-0.333367,-0.065521,-4.329617,-0.137627,0.631604,3.371140
CGCT,-0.128456,-0.474739,-13.816790,-0.278870,1.707664,3.390571,0.160453,3.140891,0.087975,34.962924,-0.177566,-3.409668,-0.364167,-0.025801,-3.744289,-0.116822,0.825689,3.385445
CGGA,-0.061901,-0.420983,-13.512310,-0.254079,1.445824,3.361972,-0.035022,2.579329,-0.021996,34.700405,-0.217922,-2.530327,-0.105325,0.086373,-2.874071,-0.070450,0.951009,3.387605
CGGC,-0.381902,-0.520077,-14.164818,-0.326289,1.250117,3.369027,-0.006392,2.457605,0.113187,35.295315,-0.177667,-1.241158,0.120220,0.115472,-3.242525,-0.153962,0.832466,3.380393
CGGG,-0.706080,-0.598993,-12.930191,-0.194430,1.309543,3.389047,0.180010,4.282663,0.177098,34.976728,-0.160750,-1.381413,0.089953,0.011596,-6.531943,-0.228947,0.707248,3.382533
CGGT,-0.650216,-0.439931,-9.659928,-0.056172,1.514853,3.390490,0.210991,3.968180,-0.013608,33.726747,-0.271027,-1.740509,0.136997,0.063516,-6.075290,-0.238982,0.900694,3.376045
CGTA,-0.361883,-0.347877,-8.107190,-0.113427,1.285975,3.350517,0.166416,2.487765,-0.094318,33.468649,-0.253731,-0.930797,0.187075,0.075999,-4.844971,-0.150196,1.191102,3.385714
CGTC,-0.610072,-0.364654,-10.179742,-0.298931,0.978448,3.377192,0.122242,3.192252,-0.086299,33.632115,-0.167948,0.755248,0.366815,0.050312,-5.673294,-0.165794,1.020381,3.366468
CGTG,-0.756448,-0.368471,-10.373999,-0.238288,1.217177,3.373115,0.350756,4.288724,-0.009450,33.655392,-0.113685,0.331530,0.183043,-0.081960,-7.707495,-0.230538,0.760091,3.348968
CGTT,-0.482705,-0.275744,-8.325573,-0.114433,1.378723,3.371497,0.325859,3.151512,-0.187536,33.417871,-0.193125,-0.176022,0.057225,-0.052686,-7.319730,-0.148198,1.045406,3.378222
CTAA,-0.249571,-0.149928,-8.750588,-0.281325,1.309343,3.370182,0.253210,1.760816,-0.349630,33.120240,-0.105160,0.441950,0.188606,-0.006827,-5.075599,-0.011323,1.225845,3.367671
CTAC,-0.263623,-0.229294,-10.844041,-0.389844,1.079068,3.372268,0.275657,0.754351,-0.267391,34.360112,-0.009904,1.314026,0.266132,0.009151,-4.471824,-0.060295,0.780859,3.357514
CTAG,-0.380912,-0.230405,-11.753744,-0.313364,1.281463,3.397983,0.275212,1.265710,-0.242275,34.728213,0.035766,1.396170,0.028306,-0.082999,-5.710970,-0.116318,0.633653,3.352190
CTAT,-0.160358,-0.254296,-8.420528,-0.167867,1.762391,3.393399,0.253346,0.542148,-0.294507,34.157577,-0.040567,-0.587813,-0.007958,-0.068017,-5.108391,-0.089740,0.663189,3.344779
CTCA,-0.005281,-0.202324,-9.140234,-0.179890,1.620847,3.373658,-0.057003,-0.863305,-0.332653,34.434536,-0.019677,0.099436,0.036603,0.036541,-2.961940,-0.080762,0.643113,3.370861
CTCC,-0.107559,-0.279914,-12.369917,-0.188720,1.447862,3.377074,-0.175986,-0.695414,-0.211340,35.555450,0.060323,0.459574,0.243580,0.051838,-2.980424,-0.137421,0.339102,3.348882
CTCG,-0.374576,-0.429007,-11.983664,-0.077437,1.829507,3.406071,-0.096411,0.178398,-0.087376,35.630666,0.029847,-0.195610,0.119333,0.105990,-5.193490,-0.287955,0.001876,3.355699
CTCT,-0.184066,-0.335880,-7.962065,0.106314,1.990142,3.377228,-0.174386,-0.161872,-0.165861,34.827575,-0.075074,-0.762052,0.113570,0.060490,-5.185082,-0.341505,0.256233,3.377553
CTGA,-0.046646,-0.243489,-8.757619,0.057925,1.746386,3.367608,-0.329118,-0.955311,-0.235079,34.621920,-0.117049,-0.593816,0.305406,0.139070,-4.186562,-0.328901,0.258404,3.363652
CTGC,-0.421836,-0.317155,-9.113823,0.057432,1.392913,3.351193,-0.309312,0.209802,-0.084676,35.124133,-0.054303,0.929636,0.455840,0.150592,-4.719172,-0.394447,0.114658,3.356140
CTGG,-0.675245,-0.376059,-7.160227,0.073639,1.510627,3.383817,-0.104969,0.634587,-0.020215,35.095955,-0.000926,1.470591,0.421346,0.061009,-8.696776,-0.542060,0.141562,3.365197
CTGT,-0.379446,-0.185027,-4.725879,0.165312,1.561628,3.338644,-0.103644,1.759417,-0.109932,34.219589,-0.090250,0.476868,0.284377,0.067632,-9.508693,-0.489081,0.314996,3.388273
CTTA,-0.105678,-0.094409,-3.685578,0.082229,1.330608,3.353001,-0.217686,0.282887,-0.124427,34.191530,-0.102701,1.574319,0.434087,0.067820,-8.777075,-0.427130,0.783903,3.392878
CTTC,-0.387891,-0.092108,-5.375183,-0.104065,0.811126,3.324198,-0.207587,0.527084,-0.102109,34.933035,0.084088,2.597390,0.568765,0.011794,-9.388989,-0.366312,0.549546,3.350487
CTTG,-0.470277,-0.118143,-4.721881,-0.032713,0.974389,3.346127,-0.044744,2.007411,-0.102101,34.905245,0.068513,2.841918,0.466647,-0.071245,-11.967036,-0.503255,0.489531,3.379736
CTTT,-0.101602,0.068632,-2.997260,-0.027568,1.143238,3.359069,-0.000671,0.658400,-0.254538,34.620614,0.055483,1.692186,0.207539,-0.146086,-11.998181,-0.391973,0.718286,3.369020
GAAA,0.117964,0.091062,-3.505223,-0.149647,0.758635,3.382157,-0.136345,-0.205196,-0.344402,34.682790,0.105649,2.607691,0.262465,-0.097193,-9.402411,-0.294638,0.768433,3.378200
GAAC,0.105750,0.025626,-6.504645,-0.392792,0.601285,3.340842,-0.144679,-0.374397,-0.212475,35.859355,0.222927,3.283703,0.375578,-0.106104,-8.608893,-0.303976,0.551768,3.346278
GAAG,0.070336,-0.015917,-7.680421,-0.277434,1.163450,3.344744,-0.037383,0.557350,-0.099467,36.114889,0.254593,3.122481,0.099594,-0.195142,-11.040893,-0.468054,0.353903,3.345808
GAAT,0.364445,0.106932,-5.754057,-0.209149,1.110502,3.381647,-0.116452,-0.157538,-0.189325,35.821800,0.144170,1.292621,-0.077180,-0.207067,-10.258097,-0.391535,0.437106,3.368830
GACA,0.532808,0.100748,-7.404360,-0.255866,1.155167,3.345034,-0.390844,-1.161687,-0.200412,36.119271,0.176051,1.232694,-0.033089,-0.119760,-7.688975,-0.350967,0.624311,3.351778
GACC,0.424184,-0.082560,-10.442432,-0.305514,0.889144,3.342006,-0.411940,-1.157662,-0.050090,37.015899,0.241529,1.632205,0.101996,-0.099166,-7.650090,-0.337668,0.324982,3.370112
GACG,0.223107,-0.120174,-10.676989,-0.257262,1.109114,3.351699,-0.308740,0.177906,0.115692,37.468169,0.216747,0.658293,-0.000287,-0.152073,-9.360845,-0.551523,0.080518,3.358599
GACT,0.303368,-0.043629,-8.114407,-0.041720,1.170567,3.351057,-0.246056,0.205719,0.005739,37.061032,0.093345,0.015419,-0.108717,-0.141689,-10.387137,-0.546063,0.364766,3.383778
GAGA,0.426851,-0.046020,-7.129718,-0.063982,0.972448,3.328155,-0.481353,-0.674358,0.044561,36.435874,0.059772,0.526751,0.092917,-0.087408,-8.910057,-0.403637,0.493837,3.392116
GAGC,0.169840,-0.158009,-7.962576,-0.270953,0.795992,3.321337,-0.414997,1.045370,0.174185,37.086145,0.114529,0.991740,0.225577,-0.039445,-10.233169,-0.531119,0.438981,3.380585
GAGG,0.003208,-0.185187,-7.693058,-0.175811,0.684102,3.331057,-0.202290,2.556311,0.285040,36.863661,0.121201,0.968280,0.157338,-0.143679,-13.142545,-0.627427,0.365029,3.401739
GAGT,0.074844,-0.097959,-5.267230,-0.123900,0.882591,3.338083,-0.194723,2.184483,0.184706,36.128979,-0.006105,0.063530,0.054996,-0.178490,-13.611167,-0.522802,0.679388,3.426923
GATA,0.234907,0.037878,-5.227086,-0.191143,0.507516,3.311932,-0.294164,2.350930,0.049424,35.593991,0.028550,0.969470,0.138397,-0.148579,-12.535590,-0.408937,0.936618,3.414985
GATC,0.233893,-0.025741,-7.243929,-0.363239,0.328064,3.306172,-0.209972,3.137073,0.123216,36.104434,0.128246,2.097309,0.252515,-0.176614,-12.461236,-0.420504,0.884257,3.380868
GATG,0.059949,-0.065423,-7.551729,-0.455178,0.251698,3.320777,-0.029687,3.427451,0.138998,36.386802,0.136389,1.317497,0.099273,-0.299983,-14.194532,-0.450613,0.883932,3.394785
GATT,0.303535,0.112829,-6.141793,-0.311214,0.549913,3.348237,0.071758,3.418467,0.077102,35.721440,0.088942,0.605263,-0.150799,-0.345815,-14.275895,-0.411801,1.175864,3.399490
GCAA,0.585577,0.101091,-7.684470,-0.502880,0.329122,3.335191,-0.001400,2.388465,-0.018319,35.804272,0.122524,1.325986,-0.174623,-0.278954,-11.728192,-0.156460,1.178635,3.410477
GCAC,0.468875,0.011005,-10.739417,-0.712869,0.100818,3.342587,-0.003894,2.477337,0.069227,36.781655,0.203837,1.185999,-0.103458,-0.305016,-10.242399,-0.161102,1.084514,3.387749
GCAG,0.390593,-0.058590,-11.287718,-0.656248,0.290046,3.360933,0.138525,2.686067,0.109686,36.810952,0.222117,0.758737,-0.334022,-0.390680,-11.838516,-0.210962,0.950552,3.402952
GCAT,0.625765,0.073664,-11.859716,-0.506994,0.849655,3.380863,0.107013,1.882607,0.045997,36.899344,0.162236,-0.753997,-0.397224,-0.380950,-9.982560,-0.258718,1.034958,3.397998
GCCA,0.783673,-0.050173,-11.942451,-0.613630,0.526217,3.354289,-0.015336,1.181322,0.090207,36.238690,0.087798,-1.026654,-0.380253,-0.301652,-8.925953,-0.123280,1.060545,3.400266
GCCC,0.516535,-0.154697,-15.840450,-0.667791,0.499054,3.354217,-0.148119,1.651436,0.182270,37.530514,0.153619,-0.450462,-0.355712,-0.209749,-7.427582,-0.184558,0.813866,3.381788
GCCG,0.383961,-0.248877,-14.976886,-0.606813,0.878521,3.345618,-0.001002,3.088359,0.354000,37.865494,0.094167,-1.295718,-0.430266,-0.220723,-9.416515,-0.240267,0.817474,3.376578
GCCT,0.371526,-0.215547,-13.131108,-0.351994,1.117410,3.348381,0.003969,2.992949,0.274528,36.815244,0.015507,-2.440905,-0.430585,-0.209169,-8.996890,-0.247299,0.795153,3.399739
GCGA,0.390039,-0.189429,-13.471849,-0.398303,0.739999,3.339141,-0.106223,2.684472,0.174581,36.446186,-0.094810,-2.936083,-0.346885,-0.091849,-6.726897,-0.134846,1.086283,3.410147
GCGC,0.116890,-0.382900,-14.069192,-0.516387,0.560254,3.322080,-0.215450,3.410418,0.342369,36.683656,-0.025079,-0.971542,-0.146697,-0.083062,-7.234423,-0.241467,1.047315,3.406139
GCGG,-0.127005,-0.468696,-12.526446,-0.405318,0.672174,3.352702,0.054290,5.089081,0.425914,36.864882,-0.045800,-1.801947,-0.197498,-0.161299,-10.192447,-0.370845,0.797167,3.403427
GCGT,0.048193,-0.261268,-10.527121,-0.355730,0.896212,3.337692,0.128799,5.980604,0.266483,34.984906,-0.186300,-2.041669,-0.267295,-0.211639,-9.982265,-0.316359,1.301303,3.410988
GCTA,0.014297,-0.254787,-9.629413,-0.414899,0.718945,3.341016,0.031395,4.311745,0.105717,34.830551,-0.171380,-1.567571,-0.130974,-0.147999,-9.106168,-0.158953,1.416994,3.416817
GCTC,-0.097613,-0.305245,-12.384787,-0.520404,0.125375,3.315623,0.189113,5.147705,0.214649,35.009129,-0.091291,-0.499407,0.006714,-0.129726,-8.767110,-0.104596,1.491076,3.398337
GCTG,-0.358561,-0.346513,-13.597925,-0.572758,0.536172,3.349071,0.372484,5.923902,0.207099,35.461731,-0.093193,-0.589238,-0.208827,-0.220223,-10.616104,-0.213787,1.510643,3.385854
GCTT,-0.052716,-0.155965,-10.533140,-0.447445,0.459746,3.369511,0.391802,5.122926,0.078491,34.926317,-0.130135,-0.545637,-0.327041,-0.270668,-10.430835,-0.128678,1.455570,3.392483
GGAA,0.204978,-0.113577,-11.799005,-0.577459,0.562755,3.365245,0.228571,3.328805,-0.133545,34.697431,-0.090088,-0.515771,-0.250806,-0.244545,-6.551417,0.084628,1.670153,3.402943
GGAC,0.040804,-0.276863,-15.512243,-0.754167,0.399798,3.352600,0.249838,3.735734,0.011286,35.369353,-0.005528,-0.273469,-0.183361,-0.160933,-6.333457,0.102392,1.432379,3.388296
GGAG,-0.099798,-0.298332,-15.300360,-0.681201,1.004797,3.391057,0.383579,4.067282,-0.026930,35.672920,0.008254,-0.862376,-0.356801,-0.230172,-6.745468,0.057110,1.106906,3.370580
GGAT,0.117193,-0.259003,-14.104755,-0.515041,1.218130,3.408798,0.394625,3.388946,-0.055111,34.972637,-0.068969,-1.877728,-0.478181,-0.232500,-5.968580,0.078000,1.262560,3.378334
GGCA,0.281934,-0.275971,-15.106429,-0.536631,1.101315,3.394031,0.133795,2.404616,-0.063321,35.283296,-0.068023,-1.938987,-0.360168,-0.092413,-2.750781,0.151177,1.205618,3.385894
GGCC,0.066355,-0.429762,-16.884025,-0.610492,1.065785,3.375390,0.049777,2.154785,-0.036017,35.905649,-0.058520,-1.516485,-0.223182,-0.003087,-2.183509,-0.020054,0.901195,3.367653
GGCG,-0.113899,-0.530944,-17.534991,-0.473669,1.369082,3.386663,0.164716,3.341254,0.065391,35.815221,-0.062313,-2.270078,-0.263565,-0.050778,-4.140449,-0.122073,0.636220,3.398494
GGCT,-0.151455,-0.441577,-13.938898,-0.285038,1.683025,3.381486,0.154774,2.461563,0.047045,34.927555,-0.209435,-3.462582,-0.269969,-0.050227,-4.213586,-0.117157,0.834620,3.381461
GGGA,-0.152463,-0.431903,-13.860715,-0.221276,1.461234,3.381665,0.084151,2.031259,0.048468,34.598753,-0.264363,-2.474832,-0.042247,0.145751,-2.201849,-0.049321,1.012717,3.380690
GGGC,-0.407347,-0.560731,-14.263014,-0.284400,1.301547,3.380397,0.124028,3.244238,0.130869,35.300281,-0.186276,-1.253871,0.081073,0.109443,-3.176343,-0.173370,0.867144,3.359399
GGGG,-0.665918,-0.546726,-13.840987,-0.179424,1.515742,3.370600,0.165814,4.057783,0.120630,35.208348,-0.181249,-1.022619,0.098562,0.055192,-6.126987,-0.244334,0.680376,3.378300
GGGT,-0.569063,-0.456738,-9.138846,-0.111963,1.564124,3.362127,0.251312,3.585338,0.048243,34.259719,-0.275395,-2.092295,0.084015,0.037637,-6.457393,-0.183199,0.874043,3.397686
GGTA,-0.451053,-0.340438,-8.838160,-0.097338,1.126678,3.368175,0.170836,2.859676,-0.090169,33.248110,-0.285010,-0.790900,0.223821,0.056671,-5.128237,-0.109476,1.133595,3.388527
GGTC,-0.595809,-0.387680,-9.852724,-0.275123,0.841104,3.370635,0.214216,3.094157,-0.075107,33.779757,-0.120313,0.454181,0.384843,0.084640,-5.803191,-0.154021,0.976167,3.387525
GGTG,-0.805562,-0.345423,-10.632742,-0.294021,1.087992,3.353536,0.331976,3.780858,-0.059649,34.247469,-0.113891,0.782514,0.222928,-0.051112,-7.369615,-0.208981,0.842550,3.361620
GGTT,-0.448436,-0.254329,-8.223212,-0.153711,1.437948,3.392010,0.294078,2.773343,-0.234460,33.363032,-0.165309,-0.103877,0.111018,-0.086472,-6.643122,-0.117804,1.088272,3.371868
GTAA,-0.268737,-0.111364,-7.908102,-0.216940,1.173431,3.404121,0.179075,1.858865,-0.310315,33.383154,-0.125328,0.391834,0.123938,-0.029037,-5.139683,0.019051,1.132563,3.368076
GTAC,-0.364888,-0.246362,-12.453834,-0.368417,1.040866,3.390140,0.100069,0.832158,-0.247811,33.873208,0.017047,1.039481,0.266743,0.044339,-4.589200,-0.071830,0.848897,3.345907
GTAG,-0.350721,-0.299939,-12.125278,-0.299194,1.423616,3.403557,0.272620,1.353990,-0.133747,34.592130,0.024266,1.081157,0.059343,-0.090157,-6.240672,-0.104916,0.559769,3.331030
GTAT,-0.095179,-0.224096,-9.268523,-0.135756,1.614550,3.407740,0.217479,0.272014,-0.262507,34.315704,-0.012445,-0.140607,-0.084230,-0.055788,-5.620139,-0.114771,0.606720,3.344272
GTCA,0.055100,-0.168645,-9.828903,-0.147247,1.542916,3.399380,-0.111515,-0.608977,-0.412444,34.319892,-0.018061,0.310244,0.060728,0.044831,-2.277278,-0.061845,0.596376,3.336753
GTCC,-0.122979,-0.318447,-11.773270,-0.243012,1.566631,3.370307,-0.114082,-0.797544,-0.252035,35.213600,0.065386,0.554246,0.243580,0.061811,-3.092786,-0.145007,0.357070,3.353423
GTCG,-0.369493,-0.421463,-11.973978,-0.178576,1.753153,3.378378,-0.033901,0.674882,-0.086705,35.341940,0.024836,0.748758,0.158028,0.086878,-4.880794,-0.349849,0.049711,3.343877
GTCT,-0.073782,-0.333733,-8.525153,0.057875,1.932737,3.388327,-0.061250,0.000599,-0.136700,35.366021,-0.103488,-0.974884,0.086147,0.039897,-5.915068,-0.314214,0.196456,3.359560
GTGA,-0.078830,-0.275667,-8.181362,0.091279,1.736169,3.356112,-0.235784,-0.790386,-0.235413,34.784009,-0.076793,-0.089017,0.316178,0.140427,-4.510216,-0.238047,0.276713,3.362657
GTGC,-0.402566,-0.367988,-9.574028,-0.024063,1.372714,3.352980,-0.267652,-0.373848,-0.078108,34.996084,-0.036488,1.045202,0.449894,0.174165,-5.325532,-0.393446,0.140992,3.371804
GTGG,-0.590916,-0.323290,-8.483003,0.083194,1.439960,3.338111,-0.178443,1.816031,-0.004325,35.548304,-0.028281,1.168438,0.351302,0.054631,-8.444069,-0.532565,0.058660,3.354925
GTGT,-0.405941,-0.159964,-4.545685,0.206405,1.504496,3.365206,-0.146372,1.432117,-0.090554,34.492573,-0.102013,0.452873,0.262327,0.002922,-9.451632,-0.512662,0.428494,3.394006
GTTA,-0.310810,-0.071861,-3.721634,0.093621,1.236846,3.350517,-0.188065,0.553303,-0.192366,34.251819,-0.088700,1.221797,0.483697,0.058862,-8.368526,-0.349549,0.516815,3.392296
GTTC,-0.329413,-0.126934,-5.514302,-0.033159,0.870628,3.337449,-0.214874,0.911809,-0.109524,34.674311,0.063636,2.550729,0.575994,0.020671,-9.349035,-0.394412,0.572965,3.363184
GTTG,-0.430695,-0.130944,-6.826687,-0.125775,0.879661,3.353695,-0.017558,1.710146,-0.053082,34.823029,0.054311,2.916127,0.412031,-0.087455,-11.394529,-0.542129,0.430348,3.363360
GTTT,-0.069737,0.040559,-4.065325,-0.005972,1.089885,3.376242,0.060430,0.690901,-0.191176,34.313828,0.074995,2.077784,0.238955,-0.130808,-10.981677,-0.377964,0.595978,3.379761
TAAA,0.208108,0.144697,-3.972583,-0.165904,0.948476,3.339465,-0.136737,-0.045686,-0.338915,34.572357,0.085365,2.636819,0.333971,-0.128522,-9.248044,-0.296323,0.731427,3.385803
TAAC,-0.004513,0.095102,-6.658779,-0.351808,0.879182,3.339340,-0.209908,-0.181278,-0.249356,35.680201,0.239962,3.102319,0.271008,-0.135644,-9.296553,-0.343598,0.580510,3.351593
TAAG,0.089827,0.014371,-7.984787,-0.282084,0.898796,3.352695,-0.064068,0.264614,-0.151556,36.252983,0.268192,2.611139,0.065733,-0.194647,-11.112178,-0.401122,0.330475,3.349640
TAAT,0.256972,0.064346,-6.747789,-0.196072,1.278954,3.364426,-0.086175,-0.590937,-0.182497,36.023845,0.154461,1.360635,-0.001726,-0.203540,-10.198512,-0.372165,0.292616,3.390216
TACA,0.608555,0.084500,-8.194117,-0.196399,1.088473,3.343315,-0.321471,-1.522459,-0.217402,36.279005,0.162110,1.469187,0.038481,-0.102256,-7.809197,-0.241694,0.460182,3.378817
TACC,0.418695,-0.074483,-8.713622,-0.359089,1.023044,3.344806,-0.320878,-1.043171,-0.068366,37.057509,0.265336,1.398579,0.086316,-0.093069,-7.182238,-0.405141,0.182803,3.370998
TACG,0.259354,-0.164105,-10.339109,-0.230503,1.206132,3.345432,-0.224435,0.751561,0.055900,37.612584,0.218713,0.757302,-0.106740,-0.179620,-10.506469,-0.548572,0.054368,3.383323
TACT,0.292345,-0.072276,-6.462204,-0.092293,1.446944,3.335595,-0.339958,0.435315,0.090501,37.027615,0.100469,0.250834,-0.141715,-0.124380,-10.453075,-0.527815,0.225658,3.385468
TAGA,0.534264,-0.036803,-6.074117,-0.104883,1.086063,3.314355,-0.484408,-0.434744,0.065298,36.585053,0.036175,0.063105,0.046700,-0.041012,-9.272802,-0.441803,0.514973,3.386071
TAGC,0.318364,-0.095202,-8.340635,-0.228623,0.689633,3.330776,-0.446170,0.530023,0.190531,37.032837,0.096441,1.057571,0.207802,-0.006479,-9.574549,-0.498795,0.342017,3.368837
TAGG,-0.050356,-0.177812,-8.066446,-0.205777,0.752114,3.326495,-0.308930,2.441361,0.254007,36.978531,0.114203,0.687174,0.121635,-0.156940,-13.075991,-0.655372,0.328312,3.397223
TAGT,0.149678,-0.006388,-4.901849,-0.057207,0.867401,3.327270,-0.192944,2.307866,0.186348,35.926160,0.039419,-0.227646,0.011532,-0.182156,-14.161173,-0.577086,0.778957,3.392176
TATA,0.255887,0.085240,-5.268679,-0.226822,0.514048,3.316470,-0.285662,2.005504,0.054995,35.423418,0.007186,0.595903,0.188269,-0.131767,-12.915783,-0.471163,0.979593,3.415385
TATC,0.159867,-0.030414,-6.849121,-0.420188,0.358435,3.312836,-0.166835,2.843640,0.110163,36.525063,0.104029,2.071397,0.168929,-0.207857,-12.521600,-0.436263,0.893872,3.378277
TATG,-0.000673,0.008777,-7.348419,-0.387691,0.423768,3.338974,-0.012795,4.008824,0.168295,36.434937,0.142511,1.500732,0.014352,-0.272962,-15.273125,-0.501476,0.877277,3.388822
TATT,0.399587,0.112004,-5.593260,-0.336247,0.354953,3.347933,0.024306,3.367336,0.088741,35.708115,0.089712,1.299656,-0.191508,-0.325944,-13.634075,-0.288653,1.049519,3.401568
TCAA,0.511541,0.129754,-6.492979,-0.473657,0.286031,3.329757,0.026988,1.952104,-0.028662,36.052817,0.122874,0.714836,-0.096262,-0.286420,-11.026502,-0.137982,1.210781,3.388858
TCAC,0.475114,0.035514,-9.635094,-0.667281,0.017273,3.328820,-0.061860,2.401798,0.019508,36.822758,0.205720,1.170245,-0.105457,-0.272734,-11.229652,-0.229583,1.105900,3.381667
TCAG,0.427094,-0.043647,-11.990444,-0.584260,0.290629,3.344684,0.084248,2.710290,0.141482,37.129235,0.176696,0.655296,-0.295944,-0.345045,-11.892845,-0.262963,0.863432,3.373201
TCAT,0.572129,0.007069,-10.250718,-0.567120,0.788383,3.351493,0.049007,2.275327,0.092800,36.907965,0.153131,-0.974410,-0.499224,-0.371368,-10.572847,-0.183895,0.941027,3.392364
TCCA,0.757586,-0.008161,-12.217982,-0.594672,0.679508,3.366235,-0.107682,1.457108,0.049249,36.654393,0.099340,-0.453987,-0.261787,-0.284213,-8.370264,-0.114886,1.197468,3.381691
TCCC,0.546318,-0.167250,-15.227059,-0.697701,0.453842,3.337527,-0.159408,1.884416,0.156733,37.561747,0.184657,-0.572672,-0.284002,-0.212728,-7.860142,-0.180193,0.927628,3.382597
TCCG,0.335620,-0.264115,-15.377438,-0.538675,0.939362,3.337454,-0.009103,2.707470,0.303483,38.096863,0.069929,-1.246357,-0.454194,-0.241337,-9.268406,-0.273075,0.710255,3.399213
TCCT,0.342521,-0.253426,-13.248346,-0.379491,0.949928,3.350749,-0.052445,2.675687,0.248627,37.166696,-0.016811,-2.932714,-0.490598,-0.246267,-8.804213,-0.273289,0.864415,3.414596
TCGA,0.420943,-0.225165,-11.938873,-0.369620,0.714216,3.334375,-0.172788,2.040472,0.208598,36.447138,-0.076692,-2.119074,-0.317753,-0.102462,-6.946133,-0.198044,1.090695,3.427021
TCGC,0.151569,-0.398489,-13.657923,-0.474434,0.615024,3.337545,-0.103831,4.118907,0.315456,36.988918,-0.046793,-1.234072,-0.097949,-0.092859,-8.424670,-0.256886,0.944340,3.405499
TCGG,-0.124164,-0.392464,-12.798993,-0.443092,0.710535,3.336947,0.103247,4.672120,0.411401,36.932780,-0.045087,-1.377538,-0.159897,-0.166952,-10.033958,-0.315509,0.992215,3.397344
TCGT,-0.030338,-0.265565,-10.594217,-0.341594,0.788846,3.356370,0.155817,5.048476,0.334703,35.606692,-0.143270,-2.250665,-0.247141,-0.235541,-10.410014,-0.286212,1.148765,3.417073
TCTA,0.058418,-0.213994,-10.073118,-0.432802,0.513209,3.344218,0.043129,4.901748,0.210159,34.952533,-0.180307,-1.412474,-0.115445,-0.129727,-8.771340,-0.131221,1.540045,3.423426
TCTC,-0.067957,-0.286877,-12.638248,-0.509359,0.289670,3.352872,0.171115,5.250317,0.213494,35.783414,-0.064196,-0.317162,-0.026154,-0.149938,-9.067398,-0.140465,1.416962,3.405762
TCTG,-0.267829,-0.293449,-13.094611,-0.539911,0.451692,3.381789,0.358905,6.233278,0.199262,35.377192,-0.087735,-0.346411,-0.089043,-0.208510,-10.150756,-0.167814,1.240205,3.410253
TCTT,-0.059470,-0.207488,-10.554873,-0.470246,0.674600,3.401390,0.403407,4.908894,0.060862,34.415527,-0.140999,-1.443589,-0.259925,-0.314173,-9.133344,-0.082140,1.581778,3.394582
TGAA,0.126761,-0.146703,-11.455678,-0.593361,0.409953,3.381343,0.225041,3.825482,-0.060960,34.501541,-0.104824,-0.774265,-0.344652,-0.197322,-7.103124,0.060342,1.646448,3.395943
TGAC,0.026311,-0.239933,-15.334708,-0.738980,0.381144,3.358919,0.329642,4.492903,0.032104,35.708257,-0.004459,-0.333522,-0.169151,-0.179296,-6.140727,0.039483,1.532845,3.365842
TGAG,-0.131555,-0.295380,-15.400112,-0.683987,0.894328,3.385928,0.417408,4.073722,-0.027374,35.765282,0.017677,-0.746630,-0.378867,-0.237732,-7.561606,-0.009962,1.224347,3.368536
TGAT,0.131556,-0.250794,-15.119047,-0.526913,1.148476,3.401526,0.444683,3.269886,-0.021355,35.334653,-0.106582,-2.231199,-0.493466,-0.186562,-5.831918,0.043541,1.215800,3.392100
TGCA,0.189801,-0.195204,-14.933223,-0.596285,1.203873,3.408230,0.208169,1.697063,-0.149673,34.624510,-0.072639,-2.250517,-0.278800,-0.076195,-2.554402,0.113245,1.224561,3.380956
TGCC,-0.004120,-0.434225,-17.633217,-0.587436,1.204567,3.388742,0.087893,2.098063,0.018601,35.690251,-0.014632,-1.711314,-0.252001,-0.038503,-2.477826,0.039144,0.888461,3.376497
TGCG,-0.194560,-0.494872,-17.363593,-0.461512,1.386709,3.404570,0.167929,3.227771,0.161042,36.246450,-0.078860,-1.859530,-0.319749,-0.025785,-4.005015,-0.040854,0.638351,3.371353
TGCT,-0.141785,-0.422026,-14.802343,-0.231656,1.690597,3.391609,0.224491,3.187668,0.033210,35.124925,-0.220522,-3.587527,-0.207827,-0.048857,-4.074547,-0.083226,0.855772,3.389818
TGGA,-0.142848,-0.445226,-12.914238,-0.218104,1.640004,3.381270,-0.017775,1.729291,-0.069417,35.010851,-0.273890,-3.037030,-0.099675,0.093929,-2.411877,-0.109532,0.874698,3.377530
TGGC,-0.502011,-0.574862,-14.247018,-0.270401,1.304671,3.373163,0.051331,2.353606,0.121313,35.203043,-0.171968,-1.373786,0.117886,0.087203,-3.001154,-0.107387,0.862556,3.382855
TGGG,-0.641268,-0.612392,-12.698903,-0.202072,1.539871,3.371296,0.173039,4.086995,0.184053,35.061959,-0.208264,-1.832611,0.134664,0.039221,-5.658750,-0.264854,0.732413,3.382995
TGGT,-0.561521,-0.433526,-9.818192,-0.033662,1.630683,3.386879,0.297711,3.841731,0.033214,34.297680,-0.279487,-2.076369,0.034089,0.006268,-7.258586,-0.252337,0.935254,3.399011
TGTA,-0.520171,-0.315737,-9.614341,-0.198117,1.285027,3.376883,0.117995,3.224962,-0.069878,33.327906,-0.284025,-1.080613,0.236343,0.067344,-5.185899,-0.073418,1.215563,3.403035
TGTC,-0.565991,-0.392194,-10.758662,-0.307420,0.962057,3.361973,0.223465,3.368792,-0.107011,33.783882,-0.152344,1.028382,0.376471,0.041527,-6.833285,-0.148614,1.168773,3.370144
TGTG,-0.757075,-0.384602,-10.817278,-0.199159,1.081066,3.390939,0.390013,3.669755,-0.035102,34.018405,-0.123151,0.296696,0.288619,-0.072125,-7.726595,-0.185082,0.886468,3.353236
TGTT,-0.546227,-0.250542,-7.761763,-0.192992,1.264754,3.407106,0.327719,3.059287,-0.161658,33.389266,-0.163702,-0.263439,0.031923,-0.081540,-7.557796,-0.148526,1.163594,3.366460
TTAA,-0.235213,-0.146826,-7.728582,-0.249517,1.239141,3.383140,0.185565,1.601908,-0.315111,32.917431,-0.108823,0.452743,0.152158,-0.001630,-5.173053,0.026054,1.117671,3.383166
TTAC,-0.315153,-0.315722,-10.923930,-0.362652,1.131726,3.381936,0.234129,1.183572,-0.271178,34.410049,0.014506,1.516091,0.243870,0.009415,-3.918336,-0.055268,0.795898,3.343488
TTAG,-0.372477,-0.287148,-11.898143,-0.347195,1.398584,3.394956,0.263358,1.380205,-0.176246,34.738574,0.051259,1.024372,0.115807,-0.069292,-5.721120,-0.120473,0.622358,3.332093
TTAT,-0.241332,-0.203078,-9.976775,-0.142204,1.795669,3.397526,0.151952,0.650446,-0.256004,34.312606,-0.050617,-0.551747,-0.079709,-0.096483,-4.634311,-0.092043,0.475094,3.340690
TTCA,0.121060,-0.227344,-9.966233,-0.216734,1.585699,3.390322,0.012751,-1.083157,-0.361267,34.541944,-0.010032,0.138078,0.092043,0.038643,-2.478494,-0.091955,0.692866,3.342767
TTCC,-0.161170,-0.254647,-12.992834,-0.299114,1.614623,3.375601,-0.008616,-1.269761,-0.175021,35.244232,0.056303,1.177377,0.184468,0.090591,-2.148009,-0.155493,0.302276,3.353039
TTCG,-0.399865,-0.429977,-11.751797,-0.155753,1.780606,3.383712,-0.046535,0.687078,-0.074270,35.937126,0.022685,-0.348801,0.105416,0.037422,-5.111721,-0.315467,0.018771,3.337917
TTCT,-0.186418,-0.332222,-8.715404,0.031276,1.966089,3.376517,-0.054486,-0.432173,-0.133892,35.080084,-0.093706,-0.656513,0.128092,0.054896,-5.471190,-0.343072,0.206867,3.354351
TTGA,-0.140583,-0.295027,-8.096061,0.080285,1.710737,3.347605,-0.296523,-0.879836,-0.140369,34.925802,-0.058402,-0.027390,0.273114,0.149136,-4.287648,-0.356702,0.359624,3.379831
TTGC,-0.329358,-0.314397,-9.105065,-0.019295,1.411616,3.341021,-0.244457,-0.026634,-0.046025,35.136835,-0.011578,0.977713,0.585581,0.177803,-4.531444,-0.398819,0.274394,3.371646
TTGG,-0.568914,-0.382641,-7.558684,0.072690,1.693924,3.360527,-0.159432,1.355678,0.028934,35.303842,-0.036355,0.841207,0.416417,0.067763,-8.803740,-0.549025,0.156459,3.372202
TTGT,-0.413277,-0.181171,-4.688975,0.151604,1.412359,3.345795,-0.077093,1.187875,-0.104161,34.579595,-0.100253,-0.096996,0.382946,0.001842,-9.529805,-0.463110,0.399855,3.369505
TTTA,-0.220785,-0.080292,-3.867395,0.168663,1.202814,3.335567,-0.213122,0.003011,-0.163543,33.944911,-0.072983,1.748609,0.515614,0.055628,-7.976979,-0.427029,0.621347,3.364411
TTTC,-0.375178,-0.129880,-4.819627,-0.092224,0.965371,3.353434,-0.196512,1.107875,-0.170251,34.605915,0.035594,2.714305,0.520615,0.032162,-9.061328,-0.399607,0.453139,3.373695
TTTG,-0.373805,-0.157324,-4.950600,-0.097707,1.032629,3.363316,-0.004833,1.846284,-0.100661,34.993663,0.055547,2.658894,0.349990,-0.122358,-11.988325,-0.493127,0.433256,3.382920
TTTT,-0.154546,0.020561,-2.236691,-0.020054,1.089963,3.353101,-0.022031,1.085830,-0.262333,34.712114,0.048342,2.356385,0.256763,-0.163391,-10.957560,-0.331514,0.463233,3.369908
